model,accuracy,precision,recall,f1_score,roc_auc,true_negatives,false_positives,false_negatives,true_positives
Gradient Boosting (Refactored),0.9287588883156501,0.933918397790932,0.9641528908694726,0.948794840790004,0.9828412883260245,23961,4164,2188,58849
Random Forest (Refactored),0.9106457908077432,0.9059449866903283,0.9701984042466045,0.9369714326400481,0.9829122607962748,21977,6148,1819,59218
